context_index	layer	context_id	prefix_group32_layers	variant_index	variant_id	packed_projections	packed_count	modeled_expert_bytes	modeled_layer_bytes	prompt_positions	router_ids_by_position	final_guard_exact	position_max_abs	local_max_abs	local_limit	pass_local	candidate_finite	group32_control_exact
0	24	layer24_f32_prefix	f32	0	gate_up_down	gate,up,down	3	5308416	679477248	1	10,105,24,111,101,98,108,113	true	1.16805732250213623e-2	1.16805732250213623e-2	1.00000004749745131e-3	false	true	true
0	24	layer24_f32_prefix	f32	1	gate_up	gate,up	2	9830400	1258291200	1	10,105,24,111,101,98,108,113	true	1.18050277233123779e-2	1.18050277233123779e-2	1.00000004749745131e-3	false	true	true
0	24	layer24_f32_prefix	f32	2	gate_down	gate,down	2	9830400	1258291200	1	10,105,24,111,101,98,108,113	true	1.13189816474914551e-2	1.13189816474914551e-2	1.00000004749745131e-3	false	true	true
0	24	layer24_f32_prefix	f32	3	up_down	up,down	2	9830400	1258291200	1	10,105,24,111,101,98,108,113	true	1.57040357589721680e-3	1.57040357589721680e-3	1.00000004749745131e-3	false	true	true
0	24	layer24_f32_prefix	f32	4	gate	gate	1	14352384	1837105152	1	10,105,24,111,101,98,108,113	true	1.14538073539733887e-2	1.14538073539733887e-2	1.00000004749745131e-3	false	true	true
0	24	layer24_f32_prefix	f32	5	up	up	1	14352384	1837105152	1	10,105,24,111,101,98,108,113	true	1.48296356201171875e-3	1.48296356201171875e-3	1.00000004749745131e-3	false	true	true
0	24	layer24_f32_prefix	f32	6	down	down	1	14352384	1837105152	1	10,105,24,111,101,98,108,113	true	4.88247722387313843e-4	4.88247722387313843e-4	1.00000004749745131e-3	true	true	true
1	24	layer24_layer0_group32_prefix	0	0	gate_up_down	gate,up,down	3	5308416	679477248	1	10,105,24,111,101,98,108,113	true	1.16818845272064209e-2	1.16818845272064209e-2	1.00000004749745131e-3	false	true	true
1	24	layer24_layer0_group32_prefix	0	1	gate_up	gate,up	2	9830400	1258291200	1	10,105,24,111,101,98,108,113	true	1.18062198162078857e-2	1.18062198162078857e-2	1.00000004749745131e-3	false	true	true
1	24	layer24_layer0_group32_prefix	0	2	gate_down	gate,down	2	9830400	1258291200	1	10,105,24,111,101,98,108,113	true	1.13200247287750244e-2	1.13200247287750244e-2	1.00000004749745131e-3	false	true	true
1	24	layer24_layer0_group32_prefix	0	3	up_down	up,down	2	9830400	1258291200	1	10,105,24,111,101,98,108,113	true	1.57225131988525391e-3	1.57225131988525391e-3	1.00000004749745131e-3	false	true	true
1	24	layer24_layer0_group32_prefix	0	4	gate	gate	1	14352384	1837105152	1	10,105,24,111,101,98,108,113	true	1.14550888538360596e-2	1.14550888538360596e-2	1.00000004749745131e-3	false	true	true
1	24	layer24_layer0_group32_prefix	0	5	up	up	1	14352384	1837105152	1	10,105,24,111,101,98,108,113	true	1.48445367813110352e-3	1.48445367813110352e-3	1.00000004749745131e-3	false	true	true
1	24	layer24_layer0_group32_prefix	0	6	down	down	1	14352384	1837105152	1	10,105,24,111,101,98,108,113	true	4.88266348838806152e-4	4.88266348838806152e-4	1.00000004749745131e-3	true	true	true
2	47	layer47_f32_prefix	f32	0	gate_up_down	gate,up,down	3	5308416	679477248	1	118,107,28,49,7,41,87,33	true	6.88347816467285156e-2	6.88347816467285156e-2	1.00000004749745131e-3	false	true	true
2	47	layer47_f32_prefix	f32	1	gate_up	gate,up	2	9830400	1258291200	1	118,107,28,49,7,41,87,33	true	2.35960483551025391e-2	2.35960483551025391e-2	1.00000004749745131e-3	false	true	true
2	47	layer47_f32_prefix	f32	2	gate_down	gate,down	2	9830400	1258291200	1	118,107,28,49,7,41,87,33	true	6.35881423950195312e-2	6.35881423950195312e-2	1.00000004749745131e-3	false	true	true
2	47	layer47_f32_prefix	f32	3	up_down	up,down	2	9830400	1258291200	1	118,107,28,49,7,41,87,33	true	6.73904418945312500e-2	6.73904418945312500e-2	1.00000004749745131e-3	false	true	true
2	47	layer47_f32_prefix	f32	4	gate	gate	1	14352384	1837105152	1	118,107,28,49,7,41,87,33	true	1.83029174804687500e-2	1.83029174804687500e-2	1.00000004749745131e-3	false	true	true
2	47	layer47_f32_prefix	f32	5	up	up	1	14352384	1837105152	1	118,107,28,49,7,41,87,33	true	1.63116455078125000e-2	1.63116455078125000e-2	1.00000004749745131e-3	false	true	true
2	47	layer47_f32_prefix	f32	6	down	down	1	14352384	1837105152	1	118,107,28,49,7,41,87,33	true	5.12466430664062500e-2	5.12466430664062500e-2	1.00000004749745131e-3	false	true	true
3	47	layer47_r2_2_failing_prefix	0,24	0	gate_up_down	gate,up,down	3	5308416	679477248	1	118,107,28,49,7,41,87,33	true	6.87491893768310547e-2	6.87491893768310547e-2	1.00000004749745131e-3	false	true	true
3	47	layer47_r2_2_failing_prefix	0,24	1	gate_up	gate,up	2	9830400	1258291200	1	118,107,28,49,7,41,87,33	true	2.35958099365234375e-2	2.35958099365234375e-2	1.00000004749745131e-3	false	true	true
3	47	layer47_r2_2_failing_prefix	0,24	2	gate_down	gate,down	2	9830400	1258291200	1	118,107,28,49,7,41,87,33	true	6.35068416595458984e-2	6.35068416595458984e-2	1.00000004749745131e-3	false	true	true
3	47	layer47_r2_2_failing_prefix	0,24	3	up_down	up,down	2	9830400	1258291200	1	118,107,28,49,7,41,87,33	true	6.71997070312500000e-2	6.71997070312500000e-2	1.00000004749745131e-3	false	true	true
3	47	layer47_r2_2_failing_prefix	0,24	4	gate	gate	1	14352384	1837105152	1	118,107,28,49,7,41,87,33	true	1.83091163635253906e-2	1.83091163635253906e-2	1.00000004749745131e-3	false	true	true
3	47	layer47_r2_2_failing_prefix	0,24	5	up	up	1	14352384	1837105152	1	118,107,28,49,7,41,87,33	true	1.61514282226562500e-2	1.61514282226562500e-2	1.00000004749745131e-3	false	true	true
3	47	layer47_r2_2_failing_prefix	0,24	6	down	down	1	14352384	1837105152	1	118,107,28,49,7,41,87,33	true	5.10330200195312500e-2	5.10330200195312500e-2	1.00000004749745131e-3	false	true	true
